,precision,recall,f1-score,support
0,0.9695121951219512,0.6652719665271967,0.7890818858560794,239.0
1,0.16666666666666666,0.7619047619047619,0.27350427350427353,21.0
accuracy,0.6730769230769231,0.6730769230769231,0.6730769230769231,0.6730769230769231
macro avg,0.568089430894309,0.7135883642159793,0.5312930796801765,260.0
weighted avg,0.9046669793621014,0.6730769230769231,0.7474390787045875,260.0
