,precision,recall,f1-score,support
0,0.975,0.6527196652719666,0.7819548872180452,239.0
1,0.17,0.8095238095238095,0.2809917355371901,21.0
accuracy,0.6653846153846154,0.6653846153846154,0.6653846153846154,0.6653846153846154
macro avg,0.5725,0.731121737397888,0.5314733113776177,260.0
weighted avg,0.9099807692307692,0.6653846153846154,0.7414924788130531,260.0
